<?xml version="1.0" encoding="UTF-8"?>

<!DOCTYPE hibernate-configuration PUBLIC
	"-//Hibernate/Hibernate Configuration DTD 3.0//EN"
	"http://www.hibernate.org/dtd/hibernate-configuration-3.0.dtd">

<hibernate-configuration>
	<session-factory>
		<property name="connection.driver_class">com.mysql.jdbc.Driver</property>
		<property name="connection.url">jdbc:mysql://localhost:3306/Employee_db</property>
		<property name="connection.username">root</property>
		<property name="connection.password">root</property>
		<property name="dialect">org.hibernate.dialect.MySQL5Dialect</property>
		<property name="hbm2ddl.auto">update</property>
		<property name="format_sql">true</property>
		<property name="show_sql">true</property>
		<property name="cache.use_second_level_cache">true</property>
		<property name="cache.region.factory_class">org.hibernate.cache.ehcache.internal.EhcacheRegionFactory</property>
		<mapping class="com.abc.Employee" />
		<mapping class="com.abc.Student"/>
		<mapping  class="com.abc.Certificate"/>
		<mapping class="com.map.Question" />
		<mapping class="com.map.Answer" />
		<mapping class="com.map1.Emp" />
		<mapping class="com.map1.Project" />
		<mapping resource="com/mapping/xml/Person.hbm.xml"/>
         
	</session-factory>
</hibernate-configuration>
	