<?xml version="1.0" encoding="UTF-8"?>

<!DOCTYPE hibernate-mapping PUBLIC 
"-//Hibernate/Hibernate Mapping DTD//EN"
"http://www.hibernate.org/dtd/hibernate-mapping-3.0.dtd">

<hibernate-mapping>

	<class name="com.mapping.xml.Person" table="person">
		<id name="id" type="int" column="id">
			<generator class="native" />
		</id>

		<property name="name" column="p_name"></property>
		<property name="address" column="p_address"></property>
		<property name="mobNo" column="ph_NO"></property>
	</class>

</hibernate-mapping>