<?xml version="1.0" encoding="UTF-8"?>

<!DOCTYPE hibernate-configuration PUBLIC
	"-//Hibernate/Hibernate Configuration DTD 3.0//EN"
	"http://www.hibernate.org/dtd/hibernate-configuration-3.0.dtd">

<hibernate-configuration>
	<session-factory>
		<property name="connection.driver_class">com.mysql.cj.jdbc.Driver</property>
		<property name="connection.url">jdbc:mysql://localhost:3306/revision_db</property>
		<property name="connection.username">root</property>
		<property name="connection.password">root</property>
		<property name="dialect">org.hibernate.dialect.MySQL5Dialect</property>
		<property name="hbm2ddl.auto">update</property>
		<property name="show_sql">true</property>
		 <mapping class="com.demo.Student"/>
	<!-- 	<mapping class="com.demo.Employee"/>
		<mapping class="com.embeddable.example.Person"/>  -->
		<mapping class="com.embeddable.example.Address"/>
		<mapping class="com.oneTOone.mapping.Employee"/> 
		<mapping class="com.oneTOone.mapping.Address"/>
		<mapping class="com.oneTOMany.mapping.Question"/> 
		<mapping class="com.oneTOMany.mapping.Answer"/>
		<mapping class="co.manyTOmany.mapping.Programmer"/> 
		<mapping class="co.manyTOmany.mapping.Project"/> 
		<mapping resource="com/xml/mapping/Codder.hbm.xml"/>
		
		
	</session-factory>
</hibernate-configuration>
