<?xml version="1.0" encoding="UTF-8"?>

<!DOCTYPE hibernate-configuration PUBLIC
	"-//Hibernate/Hibernate Configuration DTD 3.0//EN"
	"http://www.hibernate.org/dtd/hibernate-configuration-3.0.dtd">

<hibernate-configuration>
	<session-factory>

		<property name="connection.driver_class">com.mysql.jdbc.Driver</property>
		<property name="connection.url">jdbc:mysql://localhost:3306/simple_db</property>
		<property name="connection.username">root</property>
		<property name="connection.password">root</property>
		<property name="dialect">org.hibernate.dialect.MySQL5Dialect</property>
		<property name="hbm2ddl.auto">create</property>
		<property name="format_sql">true</property>

		<property name="show_sql">true</property>
		<mapping class="com.hibernate.model.Address" />
		<mapping class="com.hibernate.model.Student" />
		<mapping class="com.hibernate.model.Employee" />
		<mapping class="com.hibernate.model.Project" />
		<mapping class="com.hibernate.model.College" />


	</session-factory>


</hibernate-configuration>